label,lng,lat
"(121.35700000000001,31.388)",121.35700000000001,31.388
"(121.48899999999999,31.271)",121.48899999999999,31.271
"(121.405,31.248)",121.405,31.248
"(121.471,31.325)",121.471,31.325
"(121.41799999999999,31.288)",121.41799999999999,31.288
"(121.46799999999999,31.233)",121.46799999999999,31.233
"(121.447,31.191999999999997)",121.447,31.191999999999997
"(121.376,31.233)",121.376,31.233
"(121.53200000000001,31.323)",121.53200000000001,31.323
"(121.447,31.318)",121.447,31.318
"(121.51,31.304000000000002)",121.51,31.304000000000002
"(121.439,31.193)",121.439,31.193
"(121.44200000000001,31.296999999999997)",121.44200000000001,31.296999999999997
"(121.55799999999999,31.272)",121.55799999999999,31.272
"(121.523,31.320999999999998)",121.523,31.320999999999998
"(121.432,31.355999999999998)",121.432,31.355999999999998
"(121.584,31.246)",121.584,31.246
"(121.473,31.273000000000003)",121.473,31.273000000000003
"(121.43700000000001,31.263)",121.43700000000001,31.263
"(121.427,31.303)",121.427,31.303
"(121.45,31.197)",121.45,31.197
"(121.383,31.186999999999998)",121.383,31.186999999999998
"(121.368,31.272)",121.368,31.272
"(121.427,31.184)",121.427,31.184
"(121.541,31.311)",121.541,31.311
"(121.38,31.250999999999998)",121.38,31.250999999999998
"(121.367,31.237)",121.367,31.237
"(121.501,31.335)",121.501,31.335
"(121.47,31.19)",121.47,31.19
"(121.50200000000001,31.309)",121.50200000000001,31.309
"(121.48899999999999,31.153000000000002)",121.48899999999999,31.153000000000002
"(121.42,31.176)",121.42,31.176
"(121.319,31.241)",121.319,31.241
"(121.484,31.236)",121.484,31.236
"(121.417,31.272)",121.417,31.272
"(121.484,31.263)",121.484,31.263
"(121.48899999999999,31.294)",121.48899999999999,31.294
"(121.5,31.308000000000003)",121.5,31.308000000000003
"(121.47,31.305999999999997)",121.47,31.305999999999997
"(121.414,31.142)",121.414,31.142
"(121.434,31.168000000000003)",121.434,31.168000000000003
"(121.441,31.304000000000002)",121.441,31.304000000000002
"(121.439,31.326999999999998)",121.439,31.326999999999998
"(121.42399999999999,31.27)",121.42399999999999,31.27
"(121.43,31.208000000000002)",121.43,31.208000000000002
"(121.352,31.171999999999997)",121.352,31.171999999999997
"(121.275,31.169)",121.275,31.169
"(121.476,31.291999999999998)",121.476,31.291999999999998
"(121.444,31.314)",121.444,31.314
"(121.59299999999999,31.281999999999996)",121.59299999999999,31.281999999999996
"(121.51,31.261999999999997)",121.51,31.261999999999997
"(121.32799999999999,31.144000000000002)",121.32799999999999,31.144000000000002
"(121.375,31.298000000000002)",121.375,31.298000000000002
"(121.515,31.309)",121.515,31.309
"(121.441,31.331)",121.441,31.331
"(121.527,31.328000000000003)",121.527,31.328000000000003
"(121.446,31.133000000000003)",121.446,31.133000000000003
"(121.374,31.185)",121.374,31.185
"(121.52799999999999,31.279)",121.52799999999999,31.279
"(121.541,31.318)",121.541,31.318
"(121.522,31.329)",121.522,31.329
"(121.52600000000001,31.252)",121.52600000000001,31.252
"(121.57,31.115)",121.57,31.115
"(121.46,31.215)",121.46,31.215
"(121.484,31.234)",121.484,31.234
"(121.45299999999999,31.19)",121.45299999999999,31.19
"(121.365,31.226999999999997)",121.365,31.226999999999997
"(121.48,31.334)",121.48,31.334
"(121.51799999999999,31.203000000000003)",121.51799999999999,31.203000000000003
"(121.473,31.211)",121.473,31.211
"(121.404,31.213)",121.404,31.213
"(121.602,31.284000000000002)",121.602,31.284000000000002
"(121.479,31.311)",121.479,31.311
"(121.48200000000001,31.244)",121.48200000000001,31.244
"(121.488,31.338)",121.488,31.338
"(121.42200000000001,31.35)",121.42200000000001,31.35
"(121.492,31.261999999999997)",121.492,31.261999999999997
"(121.374,31.322)",121.374,31.322
"(121.443,31.281)",121.443,31.281
"(121.35600000000001,31.225)",121.35600000000001,31.225
"(121.434,31.174)",121.434,31.174
"(121.477,31.206999999999997)",121.477,31.206999999999997
"(121.525,31.186999999999998)",121.525,31.186999999999998
"(121.361,31.214000000000002)",121.361,31.214000000000002
"(121.476,31.206)",121.476,31.206
"(121.53,31.214000000000002)",121.53,31.214000000000002
"(121.465,31.276999999999997)",121.465,31.276999999999997
"(121.48700000000001,31.253)",121.48700000000001,31.253
"(121.464,31.221)",121.464,31.221
"(121.426,31.23)",121.426,31.23
"(121.443,31.195999999999998)",121.443,31.195999999999998
"(121.43,31.22)",121.43,31.22
"(121.37,31.232)",121.37,31.232
"(121.509,31.271)",121.509,31.271
"(121.339,31.252)",121.339,31.252
"(121.479,31.311)",121.479,31.311
"(121.43,31.22)",121.43,31.22
"(121.37200000000001,31.215)",121.37200000000001,31.215
"(121.345,31.276999999999997)",121.345,31.276999999999997
"(121.52799999999999,31.324)",121.52799999999999,31.324
"(121.32,31.24)",121.32,31.24
"(121.382,31.232)",121.382,31.232
"(121.506,31.320999999999998)",121.506,31.320999999999998
"(121.501,31.275)",121.501,31.275
"(121.48299999999999,31.209)",121.48299999999999,31.209
"(121.38799999999999,31.261999999999997)",121.38799999999999,31.261999999999997
"(121.416,31.293000000000003)",121.416,31.293000000000003
"(121.475,31.245)",121.475,31.245
"(121.484,31.305)",121.484,31.305
"(121.445,31.191)",121.445,31.191
"(121.38,31.243000000000002)",121.38,31.243000000000002
"(121.40899999999999,31.177)",121.40899999999999,31.177
"(121.49799999999999,31.291999999999998)",121.49799999999999,31.291999999999998
"(121.351,31.285999999999998)",121.351,31.285999999999998
"(121.486,31.3)",121.486,31.3
"(121.414,31.271)",121.414,31.271
"(121.479,31.269000000000002)",121.479,31.269000000000002
"(121.544,31.268)",121.544,31.268
"(121.355,31.166)",121.355,31.166
"(121.537,31.301)",121.537,31.301
"(121.506,31.308000000000003)",121.506,31.308000000000003
"(121.301,31.271)",121.301,31.271
"(121.353,31.346)",121.353,31.346
"(121.531,31.28)",121.531,31.28
"(121.525,31.309)",121.525,31.309
"(121.51299999999999,31.291)",121.51299999999999,31.291
"(121.495,31.144000000000002)",121.495,31.144000000000002
"(121.385,31.11)",121.385,31.11
"(121.501,31.208000000000002)",121.501,31.208000000000002
"(121.459,31.211)",121.459,31.211
"(121.412,31.272)",121.412,31.272
"(121.374,31.247)",121.374,31.247
"(121.48899999999999,31.32)",121.48899999999999,31.32
"(121.492,31.215)",121.492,31.215
"(121.32700000000001,31.287)",121.32700000000001,31.287
"(121.429,31.191999999999997)",121.429,31.191999999999997
"(121.396,31.186999999999998)",121.396,31.186999999999998
"(121.48200000000001,31.226)",121.48200000000001,31.226
"(121.491,31.276)",121.491,31.276
"(121.44,31.213)",121.44,31.213
"(121.42200000000001,31.26)",121.42200000000001,31.26
"(121.529,31.279)",121.529,31.279
"(121.43799999999999,31.304000000000002)",121.43799999999999,31.304000000000002
"(121.479,31.263)",121.479,31.263
"(121.506,31.329)",121.506,31.329
"(121.432,31.168000000000003)",121.432,31.168000000000003
"(121.398,31.276999999999997)",121.398,31.276999999999997
"(121.389,31.069000000000003)",121.389,31.069000000000003
"(121.443,31.156999999999996)",121.443,31.156999999999996
"(121.509,31.289)",121.509,31.289
"(121.45299999999999,31.27)",121.45299999999999,31.27
"(121.55,31.225)",121.55,31.225
"(121.43299999999999,31.201999999999998)",121.43299999999999,31.201999999999998
"(121.43799999999999,31.281)",121.43799999999999,31.281
"(121.415,31.2)",121.415,31.2
"(121.419,31.275)",121.419,31.275
"(121.48299999999999,31.221)",121.48299999999999,31.221
"(121.434,31.239)",121.434,31.239
"(121.363,31.131999999999998)",121.363,31.131999999999998
"(121.4,31.135)",121.4,31.135
"(121.51,31.253)",121.51,31.253
"(121.389,31.103)",121.389,31.103
"(121.435,31.215)",121.435,31.215
"(121.459,31.22)",121.459,31.22
"(121.479,31.311)",121.479,31.311
"(121.40899999999999,31.179000000000002)",121.40899999999999,31.179000000000002
"(121.538,31.32)",121.538,31.32
"(121.42299999999999,31.268)",121.42299999999999,31.268
"(121.49,31.265)",121.49,31.265
"(121.527,31.264)",121.527,31.264
"(121.37299999999999,31.313000000000002)",121.37299999999999,31.313000000000002
"(121.441,31.225)",121.441,31.225
"(121.494,31.208000000000002)",121.494,31.208000000000002
"(121.446,31.217)",121.446,31.217
"(121.43,31.21)",121.43,31.21
"(121.39299999999999,31.34)",121.39299999999999,31.34
"(121.43700000000001,31.338)",121.43700000000001,31.338
"(121.47399999999999,31.315)",121.47399999999999,31.315
"(121.544,31.285)",121.544,31.285
"(121.48299999999999,31.213)",121.48299999999999,31.213
"(121.48100000000001,31.344)",121.48100000000001,31.344
"(121.365,31.238000000000003)",121.365,31.238000000000003
"(121.406,31.23)",121.406,31.23
"(121.376,31.25)",121.376,31.25
"(121.538,31.323)",121.538,31.323
"(121.43,31.226999999999997)",121.43,31.226999999999997
"(121.46,31.256999999999998)",121.46,31.256999999999998
"(121.51299999999999,31.296)",121.51299999999999,31.296
"(121.419,31.289)",121.419,31.289
"(121.505,31.316)",121.505,31.316
"(121.48,31.224)",121.48,31.224
"(121.47399999999999,31.334)",121.47399999999999,31.334
"(121.435,31.201)",121.435,31.201
"(121.52600000000001,31.316)",121.52600000000001,31.316
"(121.32799999999999,31.183000000000003)",121.32799999999999,31.183000000000003
"(121.53299999999999,31.268)",121.53299999999999,31.268
"(121.427,31.269000000000002)",121.427,31.269000000000002
"(121.43799999999999,31.228)",121.43799999999999,31.228
"(121.485,31.302)",121.485,31.302
"(121.333,31.258000000000003)",121.333,31.258000000000003
"(121.459,31.254)",121.459,31.254
"(121.493,31.23)",121.493,31.23
"(121.516,31.28)",121.516,31.28
"(121.556,31.285999999999998)",121.556,31.285999999999998
"(121.42,31.198)",121.42,31.198
"(121.45299999999999,31.334)",121.45299999999999,31.334
"(121.444,31.258000000000003)",121.444,31.258000000000003
"(121.397,31.247)",121.397,31.247
"(121.521,31.291)",121.521,31.291
"(121.52799999999999,31.309)",121.52799999999999,31.309
"(121.53,31.308000000000003)",121.53,31.308000000000003
"(121.46799999999999,31.27)",121.46799999999999,31.27
"(121.37799999999999,31.233)",121.37799999999999,31.233
"(121.53,31.261)",121.53,31.261
"(121.435,31.197)",121.435,31.197
"(121.545,31.285)",121.545,31.285
"(121.415,31.2)",121.415,31.2
"(121.531,31.309)",121.531,31.309
"(121.539,31.285999999999998)",121.539,31.285999999999998
"(121.479,31.307)",121.479,31.307
"(121.42,31.121)",121.42,31.121
"(121.49700000000001,31.3)",121.49700000000001,31.3
"(121.42200000000001,31.266)",121.42200000000001,31.266
"(121.514,31.276999999999997)",121.514,31.276999999999997
"(121.59,31.26)",121.59,31.26
"(121.48200000000001,31.203000000000003)",121.48200000000001,31.203000000000003
"(121.53200000000001,31.316999999999997)",121.53200000000001,31.316999999999997
"(121.367,31.214000000000002)",121.367,31.214000000000002
"(121.485,31.201999999999998)",121.485,31.201999999999998
"(121.51799999999999,31.294)",121.51799999999999,31.294
"(121.43299999999999,31.285999999999998)",121.43299999999999,31.285999999999998
"(121.37100000000001,31.248)",121.37100000000001,31.248
"(121.434,31.168000000000003)",121.434,31.168000000000003
"(121.39200000000001,31.090999999999998)",121.39200000000001,31.090999999999998
"(121.475,31.323)",121.475,31.323
"(121.506,31.302)",121.506,31.302
"(121.544,31.273000000000003)",121.544,31.273000000000003
"(121.538,31.276999999999997)",121.538,31.276999999999997
"(121.406,31.238000000000003)",121.406,31.238000000000003
"(121.50399999999999,31.273000000000003)",121.50399999999999,31.273000000000003
"(121.39200000000001,31.268)",121.39200000000001,31.268
"(121.445,31.195999999999998)",121.445,31.195999999999998
"(121.491,31.27)",121.491,31.27
"(121.53399999999999,31.331)",121.53399999999999,31.331
"(121.484,31.323)",121.484,31.323
"(121.48,31.269000000000002)",121.48,31.269000000000002
"(121.444,31.266)",121.444,31.266
"(121.46799999999999,31.326999999999998)",121.46799999999999,31.326999999999998
"(121.461,31.33)",121.461,31.33
"(121.459,31.255)",121.459,31.255
"(121.535,31.243000000000002)",121.535,31.243000000000002
"(121.46,31.274)",121.46,31.274
"(121.455,31.308000000000003)",121.455,31.308000000000003
"(121.454,31.22)",121.454,31.22
"(121.53399999999999,31.269000000000002)",121.53399999999999,31.269000000000002
"(121.53,31.328000000000003)",121.53,31.328000000000003
"(121.47399999999999,31.331)",121.47399999999999,31.331
"(121.376,31.271)",121.376,31.271
"(121.48700000000001,31.253)",121.48700000000001,31.253
"(121.32799999999999,31.269000000000002)",121.32799999999999,31.269000000000002
"(121.555,31.285999999999998)",121.555,31.285999999999998
"(121.397,31.256)",121.397,31.256
"(121.45100000000001,31.313000000000002)",121.45100000000001,31.313000000000002
"(121.51,31.25)",121.51,31.25
"(121.45700000000001,31.337)",121.45700000000001,31.337
"(121.454,31.223000000000003)",121.454,31.223000000000003
"(121.444,31.214000000000002)",121.444,31.214000000000002
"(121.536,31.285)",121.536,31.285
"(121.446,31.225)",121.446,31.225
"(121.335,31.268)",121.335,31.268
"(121.428,31.303)",121.428,31.303
"(121.48100000000001,31.221)",121.48100000000001,31.221
"(121.48100000000001,31.201)",121.48100000000001,31.201
"(121.42200000000001,31.274)",121.42200000000001,31.274
"(121.42399999999999,31.183000000000003)",121.42399999999999,31.183000000000003
"(121.49,31.184)",121.49,31.184
"(121.441,31.253)",121.441,31.253
"(121.435,31.136)",121.435,31.136
"(121.54,31.318)",121.54,31.318
"(121.46,31.305999999999997)",121.46,31.305999999999997
"(121.303,31.287)",121.303,31.287
"(121.505,31.303)",121.505,31.303
"(121.525,31.186999999999998)",121.525,31.186999999999998
"(121.448,31.307)",121.448,31.307
"(121.319,31.241)",121.319,31.241
"(121.486,31.342)",121.486,31.342
"(121.48299999999999,31.32)",121.48299999999999,31.32
"(121.48299999999999,31.206)",121.48299999999999,31.206
"(121.535,31.261999999999997)",121.535,31.261999999999997
"(121.421,31.24)",121.421,31.24
"(121.454,31.153000000000002)",121.454,31.153000000000002
"(121.50299999999999,31.308000000000003)",121.50299999999999,31.308000000000003
"(121.384,31.275)",121.384,31.275
"(121.53200000000001,31.323)",121.53200000000001,31.323
"(121.51700000000001,31.294)",121.51700000000001,31.294
"(121.43,31.212)",121.43,31.212
"(121.44,31.258000000000003)",121.44,31.258000000000003
"(121.35,31.195)",121.35,31.195
"(121.37799999999999,31.271)",121.37799999999999,31.271
"(121.45299999999999,31.279)",121.45299999999999,31.279
"(121.48299999999999,31.32)",121.48299999999999,31.32
"(121.434,31.166999999999998)",121.434,31.166999999999998
"(121.415,31.13)",121.415,31.13
"(121.53,31.302)",121.53,31.302
"(121.506,31.304000000000002)",121.506,31.304000000000002
"(121.48700000000001,31.25)",121.48700000000001,31.25
"(121.515,31.269000000000002)",121.515,31.269000000000002
"(121.47,31.279)",121.47,31.279
"(121.506,31.268)",121.506,31.268
"(121.586,31.261999999999997)",121.586,31.261999999999997
"(121.463,31.180999999999997)",121.463,31.180999999999997
"(121.37899999999999,31.193)",121.37899999999999,31.193
"(121.40899999999999,31.230999999999998)",121.40899999999999,31.230999999999998
"(121.37200000000001,31.344)",121.37200000000001,31.344
"(121.476,31.233)",121.476,31.233
"(121.309,31.208000000000002)",121.309,31.208000000000002
"(121.536,31.320999999999998)",121.536,31.320999999999998
"(121.43799999999999,31.34)",121.43799999999999,31.34
"(121.44200000000001,31.308000000000003)",121.44200000000001,31.308000000000003
"(121.51299999999999,31.197)",121.51299999999999,31.197
"(121.36200000000001,31.252)",121.36200000000001,31.252
"(121.50200000000001,31.285999999999998)",121.50200000000001,31.285999999999998
"(121.47,31.18)",121.47,31.18
"(121.44,31.311999999999998)",121.44,31.311999999999998
"(121.428,31.279)",121.428,31.279
"(121.494,31.336)",121.494,31.336
"(121.46799999999999,31.324)",121.46799999999999,31.324
"(121.428,31.13)",121.428,31.13
"(121.354,31.22)",121.354,31.22
"(121.46700000000001,31.195)",121.46700000000001,31.195
"(121.447,31.160999999999998)",121.447,31.160999999999998
"(121.47,31.25)",121.47,31.25
"(121.456,31.34)",121.456,31.34
"(121.51700000000001,31.301)",121.51700000000001,31.301
"(121.542,31.267)",121.542,31.267
"(121.431,31.246)",121.431,31.246
"(121.50299999999999,31.340999999999998)",121.50299999999999,31.340999999999998
"(121.45700000000001,31.24)",121.45700000000001,31.24
"(121.32,31.283)",121.32,31.283
"(121.416,31.217)",121.416,31.217
"(121.432,31.265)",121.432,31.265
"(121.455,31.151)",121.455,31.151
"(121.459,31.259)",121.459,31.259
"(121.485,31.319000000000003)",121.485,31.319000000000003
"(121.448,31.308000000000003)",121.448,31.308000000000003
"(121.368,31.252)",121.368,31.252
"(121.478,31.21)",121.478,31.21
"(121.529,31.285999999999998)",121.529,31.285999999999998
"(121.40799999999999,31.215999999999998)",121.40799999999999,31.215999999999998
"(121.478,31.209)",121.478,31.209
"(121.48299999999999,31.32)",121.48299999999999,31.32
"(121.38600000000001,31.136999999999997)",121.38600000000001,31.136999999999997
"(121.463,31.180999999999997)",121.463,31.180999999999997
"(121.539,31.314)",121.539,31.314
"(121.384,31.206999999999997)",121.384,31.206999999999997
"(121.493,31.221)",121.493,31.221
"(121.38600000000001,31.32)",121.38600000000001,31.32
"(121.53200000000001,31.323)",121.53200000000001,31.323
"(121.446,31.241999999999997)",121.446,31.241999999999997
"(121.404,31.127)",121.404,31.127
"(121.436,31.168000000000003)",121.436,31.168000000000003
"(121.499,31.308000000000003)",121.499,31.308000000000003
"(121.396,31.258000000000003)",121.396,31.258000000000003
"(121.43299999999999,31.32)",121.43299999999999,31.32
"(121.387,31.269000000000002)",121.387,31.269000000000002
"(121.445,31.212)",121.445,31.212
"(121.428,31.218000000000004)",121.428,31.218000000000004
"(121.539,31.142)",121.539,31.142
"(121.521,31.291)",121.521,31.291
"(121.441,31.261)",121.441,31.261
"(121.48700000000001,31.269000000000002)",121.48700000000001,31.269000000000002
"(121.536,31.194000000000003)",121.536,31.194000000000003
"(121.53200000000001,31.179000000000002)",121.53200000000001,31.179000000000002
"(121.444,31.34)",121.444,31.34
"(121.34100000000001,31.253)",121.34100000000001,31.253
"(121.406,31.241999999999997)",121.406,31.241999999999997
"(121.43700000000001,31.34)",121.43700000000001,31.34
"(121.381,31.136999999999997)",121.381,31.136999999999997
"(121.351,31.285999999999998)",121.351,31.285999999999998
"(121.36200000000001,31.355999999999998)",121.36200000000001,31.355999999999998
"(121.41,31.305999999999997)",121.41,31.305999999999997
"(121.525,31.281)",121.525,31.281
"(121.315,31.195)",121.315,31.195
"(121.45,31.194000000000003)",121.45,31.194000000000003
"(121.47,31.203000000000003)",121.47,31.203000000000003
"(121.45100000000001,31.18)",121.45100000000001,31.18
"(121.615,31.268)",121.615,31.268
"(121.464,31.206999999999997)",121.464,31.206999999999997
"(121.43700000000001,31.269000000000002)",121.43700000000001,31.269000000000002
"(121.417,31.217)",121.417,31.217
"(121.485,31.334)",121.485,31.334
"(121.493,31.291999999999998)",121.493,31.291999999999998
"(121.471,31.296999999999997)",121.471,31.296999999999997
"(121.428,31.199)",121.428,31.199
"(121.45299999999999,31.335)",121.45299999999999,31.335
"(121.37700000000001,31.261)",121.37700000000001,31.261
"(121.50299999999999,31.26)",121.50299999999999,31.26
"(121.523,31.293000000000003)",121.523,31.293000000000003
"(121.51700000000001,31.278000000000002)",121.51700000000001,31.278000000000002
"(121.539,31.299)",121.539,31.299
"(121.475,31.233)",121.475,31.233
"(121.475,31.201999999999998)",121.475,31.201999999999998
"(121.58200000000001,31.275)",121.58200000000001,31.275
"(121.443,31.259)",121.443,31.259
"(121.51799999999999,31.316999999999997)",121.51799999999999,31.316999999999997
"(121.35799999999999,31.166999999999998)",121.35799999999999,31.166999999999998
"(121.531,31.226999999999997)",121.531,31.226999999999997
"(121.41799999999999,31.271)",121.41799999999999,31.271
"(121.535,31.287)",121.535,31.287
"(121.311,31.238000000000003)",121.311,31.238000000000003
"(121.369,31.243000000000002)",121.369,31.243000000000002
"(121.448,31.288)",121.448,31.288
"(121.402,31.147)",121.402,31.147
"(121.484,31.305999999999997)",121.484,31.305999999999997
"(121.49799999999999,31.218000000000004)",121.49799999999999,31.218000000000004
"(121.382,31.253)",121.382,31.253
"(121.359,31.22)",121.359,31.22
"(121.521,31.208000000000002)",121.521,31.208000000000002
"(121.461,31.201999999999998)",121.461,31.201999999999998
"(121.449,31.293000000000003)",121.449,31.293000000000003
"(121.37100000000001,31.31)",121.37100000000001,31.31
"(121.49600000000001,31.276)",121.49600000000001,31.276
"(121.366,31.213)",121.366,31.213
"(121.523,31.322)",121.523,31.322
"(121.428,31.381999999999998)",121.428,31.381999999999998
"(121.52799999999999,31.318)",121.52799999999999,31.318
"(121.508,31.296999999999997)",121.508,31.296999999999997
"(121.492,31.253)",121.492,31.253
"(121.365,31.258000000000003)",121.365,31.258000000000003
"(121.39200000000001,31.269000000000002)",121.39200000000001,31.269000000000002
"(121.48,31.269000000000002)",121.48,31.269000000000002
"(121.41,31.234)",121.41,31.234
"(121.48899999999999,31.201)",121.48899999999999,31.201
"(121.322,31.296)",121.322,31.296
"(121.305,31.201999999999998)",121.305,31.201999999999998
"(121.40899999999999,31.217)",121.40899999999999,31.217
"(121.318,31.308000000000003)",121.318,31.308000000000003
"(121.42399999999999,31.328000000000003)",121.42399999999999,31.328000000000003
"(121.427,31.135)",121.427,31.135
"(121.366,31.237)",121.366,31.237
"(121.625,31.287)",121.625,31.287
"(121.51799999999999,31.275)",121.51799999999999,31.275
"(121.47200000000001,31.198)",121.47200000000001,31.198
"(121.44,31.304000000000002)",121.44,31.304000000000002
"(121.52799999999999,31.301)",121.52799999999999,31.301
"(121.521,31.29)",121.521,31.29
"(121.41,31.271)",121.41,31.271
"(121.476,31.19)",121.476,31.19
"(121.45200000000001,31.186)",121.45200000000001,31.186
"(121.41,31.268)",121.41,31.268
"(121.36200000000001,31.179000000000002)",121.36200000000001,31.179000000000002
"(121.538,31.29)",121.538,31.29
"(121.419,31.174)",121.419,31.174
"(121.46799999999999,31.234)",121.46799999999999,31.234
"(121.48200000000001,31.244)",121.48200000000001,31.244
"(121.463,31.274)",121.463,31.274
"(121.508,31.311999999999998)",121.508,31.311999999999998
"(121.49600000000001,31.283)",121.49600000000001,31.283
"(121.455,31.224)",121.455,31.224
"(121.37200000000001,31.13)",121.37200000000001,31.13
"(121.531,31.252)",121.531,31.252
"(121.432,31.186)",121.432,31.186
"(121.436,31.32)",121.436,31.32
"(121.45100000000001,31.293000000000003)",121.45100000000001,31.293000000000003
"(121.417,31.218000000000004)",121.417,31.218000000000004
"(121.42200000000001,31.217)",121.42200000000001,31.217
"(121.39200000000001,31.199)",121.39200000000001,31.199
"(121.50399999999999,31.289)",121.50399999999999,31.289
"(121.469,31.279)",121.469,31.279
"(121.536,31.318)",121.536,31.318
"(121.49799999999999,31.215999999999998)",121.49799999999999,31.215999999999998
"(121.522,31.291999999999998)",121.522,31.291999999999998
"(121.53200000000001,31.318)",121.53200000000001,31.318
"(121.524,31.281)",121.524,31.281
"(121.42399999999999,31.24)",121.42399999999999,31.24
"(121.36200000000001,31.146)",121.36200000000001,31.146
"(121.395,31.247)",121.395,31.247
"(121.464,31.203000000000003)",121.464,31.203000000000003
"(121.382,31.250999999999998)",121.382,31.250999999999998
"(121.478,31.234)",121.478,31.234
"(121.431,31.151999999999997)",121.431,31.151999999999997
"(121.47,31.241999999999997)",121.47,31.241999999999997
"(121.427,31.113000000000003)",121.427,31.113000000000003
"(121.414,31.27)",121.414,31.27
"(121.486,31.308000000000003)",121.486,31.308000000000003
"(121.561,31.29)",121.561,31.29
"(121.404,31.164)",121.404,31.164
"(121.447,31.325)",121.447,31.325
"(121.37,31.208000000000002)",121.37,31.208000000000002
"(121.381,31.244)",121.381,31.244
"(121.45200000000001,31.308000000000003)",121.45200000000001,31.308000000000003
"(121.449,31.305)",121.449,31.305
"(121.535,31.3)",121.535,31.3
"(121.53200000000001,31.298000000000002)",121.53200000000001,31.298000000000002
"(121.37,31.168000000000003)",121.37,31.168000000000003
"(121.44,31.256)",121.44,31.256
"(121.40899999999999,31.279)",121.40899999999999,31.279
"(121.602,31.203000000000003)",121.602,31.203000000000003
"(121.476,31.206)",121.476,31.206
"(121.45,31.193)",121.45,31.193
"(121.444,31.236)",121.444,31.236
"(121.444,31.201)",121.444,31.201
"(121.449,31.23)",121.449,31.23
"(121.368,31.209)",121.368,31.209
"(121.354,31.288)",121.354,31.288
"(121.43700000000001,31.279)",121.43700000000001,31.279
"(121.436,31.258000000000003)",121.436,31.258000000000003
"(121.42399999999999,31.264)",121.42399999999999,31.264
"(121.449,31.340999999999998)",121.449,31.340999999999998
"(121.448,31.325)",121.448,31.325
"(121.417,31.212)",121.417,31.212
"(121.367,31.250999999999998)",121.367,31.250999999999998
"(121.37299999999999,31.313000000000002)",121.37299999999999,31.313000000000002
"(121.54,31.274)",121.54,31.274
"(121.49799999999999,31.291999999999998)",121.49799999999999,31.291999999999998
"(121.51100000000001,31.281)",121.51100000000001,31.281
"(121.521,31.275)",121.521,31.275
"(121.44,31.322)",121.44,31.322
"(121.414,31.13)",121.414,31.13
"(121.36399999999999,31.27)",121.36399999999999,31.27
"(121.416,31.293000000000003)",121.416,31.293000000000003
"(121.34700000000001,31.314)",121.34700000000001,31.314
"(121.48700000000001,31.298000000000002)",121.48700000000001,31.298000000000002
"(121.367,31.19)",121.367,31.19
"(121.49,31.276999999999997)",121.49,31.276999999999997
"(121.51899999999999,31.263)",121.51899999999999,31.263
"(121.402,31.129)",121.402,31.129
"(121.396,31.212)",121.396,31.212
"(121.522,31.309)",121.522,31.309
"(121.426,31.134)",121.426,31.134
"(121.405,31.27)",121.405,31.27
"(121.541,31.266)",121.541,31.266
"(121.45100000000001,31.279)",121.45100000000001,31.279
"(121.419,31.291999999999998)",121.419,31.291999999999998
"(121.37899999999999,31.108)",121.37899999999999,31.108
"(121.42299999999999,31.291)",121.42299999999999,31.291
"(121.53,31.328000000000003)",121.53,31.328000000000003
"(121.435,31.323)",121.435,31.323
"(121.39399999999999,31.165)",121.39399999999999,31.165
"(121.321,31.296)",121.321,31.296
"(121.455,31.271)",121.455,31.271
"(121.49700000000001,31.147)",121.49700000000001,31.147
"(121.45,31.293000000000003)",121.45,31.293000000000003
"(121.48299999999999,31.274)",121.48299999999999,31.274
"(121.444,31.320999999999998)",121.444,31.320999999999998
"(121.384,31.146)",121.384,31.146
"(121.5,31.311999999999998)",121.5,31.311999999999998
"(121.495,31.279)",121.495,31.279
"(121.63799999999999,31.264)",121.63799999999999,31.264
"(121.40100000000001,31.272)",121.40100000000001,31.272
"(121.384,31.261)",121.384,31.261
"(121.45299999999999,31.159000000000002)",121.45299999999999,31.159000000000002
"(121.461,31.198)",121.461,31.198
"(121.382,31.236)",121.382,31.236
"(121.395,31.213)",121.395,31.213
"(121.427,31.189)",121.427,31.189
"(121.546,31.276)",121.546,31.276
"(121.459,31.313000000000002)",121.459,31.313000000000002
"(121.40899999999999,31.243000000000002)",121.40899999999999,31.243000000000002
"(121.509,31.316)",121.509,31.316
"(121.459,31.32)",121.459,31.32
"(121.39200000000001,31.241999999999997)",121.39200000000001,31.241999999999997
"(121.411,31.221999999999998)",121.411,31.221999999999998
"(121.536,31.269000000000002)",121.536,31.269000000000002
"(121.425,31.237)",121.425,31.237
"(121.553,31.276999999999997)",121.553,31.276999999999997
"(121.499,31.182)",121.499,31.182
"(121.45700000000001,31.296)",121.45700000000001,31.296
"(121.48899999999999,31.252)",121.48899999999999,31.252
"(121.493,31.204)",121.493,31.204
"(121.45100000000001,31.252)",121.45100000000001,31.252
"(121.44200000000001,31.313000000000002)",121.44200000000001,31.313000000000002
"(121.446,31.223000000000003)",121.446,31.223000000000003
"(121.449,31.23)",121.449,31.23
"(121.445,31.228)",121.445,31.228
"(121.53299999999999,31.268)",121.53299999999999,31.268
"(121.405,31.243000000000002)",121.405,31.243000000000002
"(121.36200000000001,31.244)",121.36200000000001,31.244
"(121.43700000000001,31.304000000000002)",121.43700000000001,31.304000000000002
"(121.454,31.134)",121.454,31.134
"(121.324,31.235)",121.324,31.235
"(121.49600000000001,31.27)",121.49600000000001,31.27
"(121.344,31.253)",121.344,31.253
"(121.435,31.328000000000003)",121.435,31.328000000000003
"(121.436,31.241999999999997)",121.436,31.241999999999997
"(121.40799999999999,31.221999999999998)",121.40799999999999,31.221999999999998
"(121.454,31.228)",121.454,31.228
"(121.385,31.237)",121.385,31.237
"(121.46700000000001,31.285999999999998)",121.46700000000001,31.285999999999998
"(121.36,31.252)",121.36,31.252
"(121.43,31.208000000000002)",121.43,31.208000000000002
"(121.38600000000001,31.146)",121.38600000000001,31.146
"(121.35,31.171)",121.35,31.171
"(121.40899999999999,31.359)",121.40899999999999,31.359
"(121.536,31.264)",121.536,31.264
"(121.531,31.26)",121.531,31.26
"(121.53200000000001,31.322)",121.53200000000001,31.322
"(121.491,31.291999999999998)",121.491,31.291999999999998
"(121.40299999999999,31.214000000000002)",121.40299999999999,31.214000000000002
"(121.449,31.293000000000003)",121.449,31.293000000000003
"(121.471,31.293000000000003)",121.471,31.293000000000003
"(121.52,31.206999999999997)",121.52,31.206999999999997
"(121.41799999999999,31.208000000000002)",121.41799999999999,31.208000000000002
"(121.34899999999999,31.178)",121.34899999999999,31.178
"(121.537,31.263)",121.537,31.263
"(121.529,31.324)",121.529,31.324
"(121.421,31.243000000000002)",121.421,31.243000000000002
"(121.46799999999999,31.324)",121.46799999999999,31.324
"(121.516,31.298000000000002)",121.516,31.298000000000002
"(121.50200000000001,31.261999999999997)",121.50200000000001,31.261999999999997
"(121.545,31.311999999999998)",121.545,31.311999999999998
"(121.476,31.209)",121.476,31.209
"(121.39,31.269000000000002)",121.39,31.269000000000002
"(121.43799999999999,31.279)",121.43799999999999,31.279
"(121.39,31.269000000000002)",121.39,31.269000000000002
"(121.455,31.259)",121.455,31.259
"(121.43,31.248)",121.43,31.248
"(121.406,31.276)",121.406,31.276
"(121.516,31.336)",121.516,31.336
"(121.435,31.239)",121.435,31.239
"(121.428,31.226)",121.428,31.226
"(121.505,31.307)",121.505,31.307
"(121.484,31.180999999999997)",121.484,31.180999999999997
"(121.439,31.164)",121.439,31.164
"(121.384,31.146)",121.384,31.146
"(121.34700000000001,31.165)",121.34700000000001,31.165
"(121.45299999999999,31.279)",121.45299999999999,31.279
"(121.305,31.211)",121.305,31.211
"(121.4,31.129)",121.4,31.129
"(121.29700000000001,31.205)",121.29700000000001,31.205
"(121.512,31.258000000000003)",121.512,31.258000000000003
"(121.43,31.351)",121.43,31.351
"(121.417,31.23)",121.417,31.23
"(121.43799999999999,31.305)",121.43799999999999,31.305
"(121.413,31.217)",121.413,31.217
"(121.485,31.253)",121.485,31.253
"(121.363,31.131999999999998)",121.363,31.131999999999998
"(121.47,31.296999999999997)",121.47,31.296999999999997
"(121.445,31.256999999999998)",121.445,31.256999999999998
"(121.553,31.279)",121.553,31.279
"(121.432,31.271)",121.432,31.271
"(121.525,31.326999999999998)",121.525,31.326999999999998
"(121.53200000000001,31.225)",121.53200000000001,31.225
"(121.516,31.23)",121.516,31.23
"(121.491,31.31)",121.491,31.31
"(121.5,31.180999999999997)",121.5,31.180999999999997
"(121.525,31.314)",121.525,31.314
"(121.538,31.316999999999997)",121.538,31.316999999999997
"(121.42399999999999,31.261999999999997)",121.42399999999999,31.261999999999997
"(121.413,31.235)",121.413,31.235
"(121.463,31.303)",121.463,31.303
"(121.389,31.320999999999998)",121.389,31.320999999999998
"(121.40799999999999,31.316)",121.40799999999999,31.316
"(121.444,31.206999999999997)",121.444,31.206999999999997
"(121.505,31.26)",121.505,31.26
"(121.476,31.328000000000003)",121.476,31.328000000000003
"(121.479,31.339000000000002)",121.479,31.339000000000002
"(121.435,31.267)",121.435,31.267
"(121.541,31.324)",121.541,31.324
"(121.329,31.256)",121.329,31.256
"(121.54,31.307)",121.54,31.307
"(121.384,31.241999999999997)",121.384,31.241999999999997
"(121.38799999999999,31.299)",121.38799999999999,31.299
"(121.413,31.235)",121.413,31.235
"(121.416,31.293000000000003)",121.416,31.293000000000003
"(121.396,31.17)",121.396,31.17
"(121.476,31.221999999999998)",121.476,31.221999999999998
"(121.426,31.165)",121.426,31.165
"(121.458,31.209)",121.458,31.209
"(121.47,31.21)",121.47,31.21
"(121.368,31.259)",121.368,31.259
"(121.516,31.21)",121.516,31.21
"(121.46600000000001,31.261999999999997)",121.46600000000001,31.261999999999997
"(121.43,31.256)",121.43,31.256
"(121.52,31.296999999999997)",121.52,31.296999999999997
"(121.443,31.269000000000002)",121.443,31.269000000000002
"(121.45299999999999,31.228)",121.45299999999999,31.228
"(121.49600000000001,31.174)",121.49600000000001,31.174
"(121.49,31.305999999999997)",121.49,31.305999999999997
"(121.40700000000001,31.215999999999998)",121.40700000000001,31.215999999999998
"(121.37200000000001,31.36)",121.37200000000001,31.36
"(121.446,31.209)",121.446,31.209
"(121.494,31.221999999999998)",121.494,31.221999999999998
"(121.32,31.29)",121.32,31.29
"(121.475,31.32)",121.475,31.32
"(121.509,31.304000000000002)",121.509,31.304000000000002
"(121.39,31.269000000000002)",121.39,31.269000000000002
"(121.48200000000001,31.243000000000002)",121.48200000000001,31.243000000000002
"(121.464,31.201999999999998)",121.464,31.201999999999998
"(121.459,31.267)",121.459,31.267
"(121.486,31.263)",121.486,31.263
"(121.426,31.218000000000004)",121.426,31.218000000000004
"(121.473,31.243000000000002)",121.473,31.243000000000002
"(121.49,31.307)",121.49,31.307
"(121.465,31.305)",121.465,31.305
"(121.412,31.27)",121.412,31.27
"(121.53200000000001,31.324)",121.53200000000001,31.324
"(121.477,31.289)",121.477,31.289
"(121.396,31.24)",121.396,31.24
"(121.434,31.235)",121.434,31.235
"(121.39399999999999,31.273000000000003)",121.39399999999999,31.273000000000003
"(121.416,31.218000000000004)",121.416,31.218000000000004
"(121.49,31.279)",121.49,31.279
"(121.307,31.296)",121.307,31.296
"(121.48,31.197)",121.48,31.197
"(121.529,31.309)",121.529,31.309
"(121.40700000000001,31.146)",121.40700000000001,31.146
"(121.45299999999999,31.221)",121.45299999999999,31.221
"(121.42200000000001,31.125)",121.42200000000001,31.125
"(121.402,31.221999999999998)",121.402,31.221999999999998
"(121.445,31.191)",121.445,31.191
"(121.40899999999999,31.232)",121.40899999999999,31.232
"(121.42200000000001,31.139)",121.42200000000001,31.139
"(121.512,31.298000000000002)",121.512,31.298000000000002
"(121.455,31.201)",121.455,31.201
"(121.48299999999999,31.226)",121.48299999999999,31.226
"(121.52600000000001,31.276999999999997)",121.52600000000001,31.276999999999997
"(121.485,31.305999999999997)",121.485,31.305999999999997
"(121.55,31.208000000000002)",121.55,31.208000000000002
"(121.54899999999999,31.271)",121.54899999999999,31.271
"(121.338,31.264)",121.338,31.264
"(121.499,31.273000000000003)",121.499,31.273000000000003
"(121.507,31.264)",121.507,31.264
"(121.491,31.285)",121.491,31.285
"(121.52799999999999,31.278000000000002)",121.52799999999999,31.278000000000002
"(121.416,31.174)",121.416,31.174
"(121.399,31.232)",121.399,31.232
"(121.46600000000001,31.197)",121.46600000000001,31.197
"(121.43299999999999,31.131)",121.43299999999999,31.131
"(121.515,31.301)",121.515,31.301
"(121.455,31.329)",121.455,31.329
"(121.51100000000001,31.316999999999997)",121.51100000000001,31.316999999999997
"(121.531,31.28)",121.531,31.28
"(121.32,31.239)",121.32,31.239
"(121.544,31.265)",121.544,31.265
"(121.387,31.226)",121.387,31.226
"(121.413,31.201)",121.413,31.201
"(121.354,31.346)",121.354,31.346
"(121.428,31.145)",121.428,31.145
"(121.51700000000001,31.27)",121.51700000000001,31.27
"(121.47399999999999,31.204)",121.47399999999999,31.204
"(121.475,31.276)",121.475,31.276
"(121.448,31.324)",121.448,31.324
"(121.491,31.29)",121.491,31.29
"(121.415,31.18)",121.415,31.18
"(121.35,31.281)",121.35,31.281
"(121.462,31.326)",121.462,31.326
"(121.45299999999999,31.223000000000003)",121.45299999999999,31.223000000000003
"(121.355,31.226999999999997)",121.355,31.226999999999997
"(121.488,31.233)",121.488,31.233
"(121.465,31.213)",121.465,31.213
"(121.574,31.215)",121.574,31.215
"(121.45700000000001,31.247)",121.45700000000001,31.247
"(121.348,31.265)",121.348,31.265
"(121.43,31.208000000000002)",121.43,31.208000000000002
"(121.421,31.285)",121.421,31.285
"(121.325,31.29)",121.325,31.29
"(121.484,31.304000000000002)",121.484,31.304000000000002
"(121.427,31.180999999999997)",121.427,31.180999999999997
"(121.56200000000001,31.229)",121.56200000000001,31.229
"(121.65700000000001,31.203000000000003)",121.65700000000001,31.203000000000003
"(121.499,31.29)",121.499,31.29
"(121.448,31.307)",121.448,31.307
"(121.431,31.151999999999997)",121.431,31.151999999999997
"(121.42200000000001,31.279)",121.42200000000001,31.279
"(121.435,31.255)",121.435,31.255
"(121.366,31.237)",121.366,31.237
"(121.516,31.275)",121.516,31.275
"(121.445,31.263)",121.445,31.263
"(121.41,31.241999999999997)",121.41,31.241999999999997
"(121.42,31.288)",121.42,31.288
"(121.436,31.182)",121.436,31.182
"(121.477,31.206999999999997)",121.477,31.206999999999997
"(121.53299999999999,31.217)",121.53299999999999,31.217
"(121.43,31.263)",121.43,31.263
"(121.444,31.223000000000003)",121.444,31.223000000000003
"(121.402,31.264)",121.402,31.264
"(121.374,31.315)",121.374,31.315
"(121.529,31.320999999999998)",121.529,31.320999999999998
"(121.307,31.171999999999997)",121.307,31.171999999999997
"(121.429,31.201999999999998)",121.429,31.201999999999998
"(121.414,31.271)",121.414,31.271
"(121.471,31.293000000000003)",121.471,31.293000000000003
"(121.366,31.235)",121.366,31.235
"(121.446,31.186999999999998)",121.446,31.186999999999998
"(121.54,31.307)",121.54,31.307
"(121.521,31.281999999999996)",121.521,31.281999999999996
"(121.471,31.302)",121.471,31.302
"(121.405,31.244)",121.405,31.244
"(121.464,31.209)",121.464,31.209
"(121.495,31.311)",121.495,31.311
"(121.417,31.287)",121.417,31.287
"(121.473,31.221)",121.473,31.221
"(121.43799999999999,31.278000000000002)",121.43799999999999,31.278000000000002
"(121.435,31.226)",121.435,31.226
"(121.51299999999999,31.311)",121.51299999999999,31.311
"(121.44,31.323)",121.44,31.323
"(121.35,31.156)",121.35,31.156
"(121.506,31.276999999999997)",121.506,31.276999999999997
"(121.428,31.25)",121.428,31.25
"(121.495,31.206999999999997)",121.495,31.206999999999997
"(121.36200000000001,31.281999999999996)",121.36200000000001,31.281999999999996
"(121.331,31.265)",121.331,31.265
"(121.495,31.311)",121.495,31.311
"(121.369,31.24)",121.369,31.24
"(121.434,31.178)",121.434,31.178
"(121.53299999999999,31.305)",121.53299999999999,31.305
"(121.51799999999999,31.309)",121.51799999999999,31.309
"(121.538,31.264)",121.538,31.264
"(121.512,31.307)",121.512,31.307
"(121.425,31.145)",121.425,31.145
"(121.55,31.268)",121.55,31.268
"(121.348,31.281)",121.348,31.281
"(121.309,31.230999999999998)",121.309,31.230999999999998
"(121.465,31.271)",121.465,31.271
"(121.429,31.180999999999997)",121.429,31.180999999999997
"(121.51,31.316999999999997)",121.51,31.316999999999997
"(121.412,31.21)",121.412,31.21
"(121.48200000000001,31.245)",121.48200000000001,31.245
"(121.434,31.153000000000002)",121.434,31.153000000000002
"(121.52600000000001,31.279)",121.52600000000001,31.279
"(121.431,31.136)",121.431,31.136
"(121.48899999999999,31.223000000000003)",121.48899999999999,31.223000000000003
"(121.45700000000001,31.241999999999997)",121.45700000000001,31.241999999999997
"(121.33200000000001,31.131)",121.33200000000001,31.131
"(121.521,31.320999999999998)",121.521,31.320999999999998
"(121.4,31.289)",121.4,31.289
"(121.43700000000001,31.263)",121.43700000000001,31.263
"(121.389,31.250999999999998)",121.389,31.250999999999998
"(121.447,31.313000000000002)",121.447,31.313000000000002
"(121.531,31.315)",121.531,31.315
"(121.509,31.272)",121.509,31.272
"(121.49700000000001,31.3)",121.49700000000001,31.3
"(121.49,31.311)",121.49,31.311
"(121.35,31.281)",121.35,31.281
"(121.50200000000001,31.273000000000003)",121.50200000000001,31.273000000000003
"(121.462,31.252)",121.462,31.252
"(121.464,31.267)",121.464,31.267
"(121.471,31.215999999999998)",121.471,31.215999999999998
"(121.40299999999999,31.168000000000003)",121.40299999999999,31.168000000000003
"(121.46600000000001,31.197)",121.46600000000001,31.197
"(121.522,31.320999999999998)",121.522,31.320999999999998
"(121.464,31.27)",121.464,31.27
"(121.538,31.326)",121.538,31.326
"(121.419,31.269000000000002)",121.419,31.269000000000002
"(121.37700000000001,31.351)",121.37700000000001,31.351
"(121.475,31.276999999999997)",121.475,31.276999999999997
"(121.51799999999999,31.275)",121.51799999999999,31.275
"(121.479,31.265)",121.479,31.265
"(121.303,31.315)",121.303,31.315
"(121.36399999999999,31.264)",121.36399999999999,31.264
"(121.32,31.24)",121.32,31.24
"(121.51,31.304000000000002)",121.51,31.304000000000002
"(121.40299999999999,31.307)",121.40299999999999,31.307
"(121.51799999999999,31.308000000000003)",121.51799999999999,31.308000000000003
"(121.51100000000001,31.281)",121.51100000000001,31.281
"(121.464,31.256999999999998)",121.464,31.256999999999998
"(121.491,31.279)",121.491,31.279
"(121.43799999999999,31.34)",121.43799999999999,31.34
"(121.369,31.114)",121.369,31.114
"(121.32,31.305)",121.32,31.305
"(121.488,31.307)",121.488,31.307
"(121.493,31.269000000000002)",121.493,31.269000000000002
"(121.301,31.267)",121.301,31.267
"(121.48299999999999,31.29)",121.48299999999999,31.29
"(121.441,31.261)",121.441,31.261
"(121.45,31.245)",121.45,31.245
"(121.48,31.274)",121.48,31.274
"(121.514,31.305)",121.514,31.305
"(121.47399999999999,31.22)",121.47399999999999,31.22
"(121.51899999999999,31.273000000000003)",121.51899999999999,31.273000000000003
"(121.484,31.193)",121.484,31.193
"(121.414,31.199)",121.414,31.199
"(121.516,31.296999999999997)",121.516,31.296999999999997
"(121.44,31.208000000000002)",121.44,31.208000000000002
"(121.428,31.259)",121.428,31.259
"(121.541,31.307)",121.541,31.307
"(121.521,31.29)",121.521,31.29
"(121.572,31.248)",121.572,31.248
"(121.46,31.406999999999996)",121.46,31.406999999999996
"(121.505,31.335)",121.505,31.335
"(121.5,31.256999999999998)",121.5,31.256999999999998
"(121.419,31.18)",121.419,31.18
"(121.381,31.232)",121.381,31.232
"(121.45,31.145)",121.45,31.145
"(121.432,31.281)",121.432,31.281
"(121.505,31.238000000000003)",121.505,31.238000000000003
"(121.446,31.212)",121.446,31.212
"(121.48899999999999,31.256)",121.48899999999999,31.256
"(121.449,31.293000000000003)",121.449,31.293000000000003
"(121.37799999999999,31.232)",121.37799999999999,31.232
"(121.539,31.261)",121.539,31.261
"(121.42,31.143)",121.42,31.143
"(121.50200000000001,31.3)",121.50200000000001,31.3
"(121.363,31.357)",121.363,31.357
"(121.45,31.372)",121.45,31.372
"(121.55799999999999,31.281)",121.55799999999999,31.281
"(121.53399999999999,31.268)",121.53399999999999,31.268
"(121.52600000000001,31.32)",121.52600000000001,31.32
"(121.45200000000001,31.346999999999998)",121.45200000000001,31.346999999999998
"(121.51700000000001,31.276)",121.51700000000001,31.276
"(121.419,31.195999999999998)",121.419,31.195999999999998
"(121.34899999999999,31.285)",121.34899999999999,31.285
"(121.439,31.238000000000003)",121.439,31.238000000000003
"(121.27600000000001,31.2)",121.27600000000001,31.2
"(121.426,31.163)",121.426,31.163
"(121.495,31.338)",121.495,31.338
"(121.53,31.324)",121.53,31.324
"(121.411,31.164)",121.411,31.164
"(121.522,31.311999999999998)",121.522,31.311999999999998
"(121.435,31.168000000000003)",121.435,31.168000000000003
"(121.48100000000001,31.302)",121.48100000000001,31.302
"(121.376,31.128)",121.376,31.128
"(121.47200000000001,31.193)",121.47200000000001,31.193
"(121.36200000000001,31.281999999999996)",121.36200000000001,31.281999999999996
"(121.53200000000001,31.315)",121.53200000000001,31.315
"(121.529,31.335)",121.529,31.335
"(121.461,31.233)",121.461,31.233
"(121.44,31.233)",121.44,31.233
"(121.344,31.25)",121.344,31.25
"(121.48100000000001,31.22)",121.48100000000001,31.22
"(121.505,31.308000000000003)",121.505,31.308000000000003
"(121.53299999999999,31.268)",121.53299999999999,31.268
"(121.46799999999999,31.263)",121.46799999999999,31.263
"(121.47,31.283)",121.47,31.283
"(121.443,31.179000000000002)",121.443,31.179000000000002
"(121.363,31.143)",121.363,31.143
"(121.385,31.215)",121.385,31.215
"(121.444,31.338)",121.444,31.338
"(121.59,31.28)",121.59,31.28
"(121.42200000000001,31.264)",121.42200000000001,31.264
"(121.46799999999999,31.186999999999998)",121.46799999999999,31.186999999999998
"(121.389,31.291)",121.389,31.291
"(121.44200000000001,31.24)",121.44200000000001,31.24
"(121.427,31.268)",121.427,31.268
"(121.348,31.263)",121.348,31.263
"(121.425,31.165)",121.425,31.165
"(121.35799999999999,31.218000000000004)",121.35799999999999,31.218000000000004
"(121.27799999999999,31.158)",121.27799999999999,31.158
"(121.458,31.168000000000003)",121.458,31.168000000000003
"(121.398,31.249000000000002)",121.398,31.249000000000002
"(121.531,31.323)",121.531,31.323
"(121.46600000000001,31.226999999999997)",121.46600000000001,31.226999999999997
"(121.507,31.271)",121.507,31.271
"(121.48299999999999,31.401)",121.48299999999999,31.401
"(121.462,31.32)",121.462,31.32
"(121.50399999999999,31.34)",121.50399999999999,31.34
"(121.516,31.304000000000002)",121.516,31.304000000000002
"(121.462,31.191)",121.462,31.191
"(121.485,31.209)",121.485,31.209
"(121.471,31.221)",121.471,31.221
"(121.34700000000001,31.131999999999998)",121.34700000000001,31.131999999999998
"(121.531,31.33)",121.531,31.33
"(121.368,31.361)",121.368,31.361
"(121.514,31.256999999999998)",121.514,31.256999999999998
"(121.448,31.158)",121.448,31.158
"(121.449,31.168000000000003)",121.449,31.168000000000003
"(121.523,31.278000000000002)",121.523,31.278000000000002
"(121.46,31.273000000000003)",121.46,31.273000000000003
"(121.50299999999999,31.272)",121.50299999999999,31.272
"(121.43,31.366999999999997)",121.43,31.366999999999997
"(121.38,31.276999999999997)",121.38,31.276999999999997
"(121.46600000000001,31.206999999999997)",121.46600000000001,31.206999999999997
"(121.54700000000001,31.237)",121.54700000000001,31.237
"(121.589,31.28)",121.589,31.28
"(121.475,31.276999999999997)",121.475,31.276999999999997
"(121.537,31.291999999999998)",121.537,31.291999999999998
"(121.384,31.188000000000002)",121.384,31.188000000000002
"(121.334,31.267)",121.334,31.267
"(121.426,31.16)",121.426,31.16
"(121.492,31.184)",121.492,31.184
"(121.516,31.28)",121.516,31.28
"(121.464,31.267)",121.464,31.267
"(121.539,31.311)",121.539,31.311
"(121.54799999999999,31.291)",121.54799999999999,31.291
"(121.484,31.23)",121.484,31.23
"(121.454,31.206999999999997)",121.454,31.206999999999997
"(121.39200000000001,31.266)",121.39200000000001,31.266
"(121.56700000000001,31.241999999999997)",121.56700000000001,31.241999999999997
"(121.45200000000001,31.209)",121.45200000000001,31.209
"(121.368,31.256)",121.368,31.256
"(121.50399999999999,31.293000000000003)",121.50399999999999,31.293000000000003
"(121.53,31.324)",121.53,31.324
"(121.51299999999999,31.27)",121.51299999999999,31.27
"(121.512,31.338)",121.512,31.338
"(121.485,31.199)",121.485,31.199
"(121.447,31.271)",121.447,31.271
"(121.397,31.348000000000003)",121.397,31.348000000000003
"(121.521,31.269000000000002)",121.521,31.269000000000002
"(121.529,31.288)",121.529,31.288
"(121.52799999999999,31.278000000000002)",121.52799999999999,31.278000000000002
"(121.35,31.401999999999997)",121.35,31.401999999999997
"(121.477,31.23)",121.477,31.23
"(121.333,31.291)",121.333,31.291
"(121.456,31.322)",121.456,31.322
"(121.45,31.291999999999998)",121.45,31.291999999999998
"(121.40299999999999,31.299)",121.40299999999999,31.299
"(121.522,31.322)",121.522,31.322
"(121.50399999999999,31.305)",121.50399999999999,31.305
"(121.507,31.329)",121.507,31.329
